{
  "timestamp": "20260717_081508",
  "temperature_C": 68.0,
  "pH": 7.5,
  "n_runs": 64000,
  "n_workers": 4,
  "elapsed_time": 11935.424691677094,
  "parameter_names": [
    "Ea_U",
    "Ea_T",
    "Ea_C_deam",
    "Ea_A",
    "A_U",
    "A_T",
    "A_C",
    "A_A",
    "deamination_ratio",
    "UV_resistance_T",
    "UV_resistance_C",
    "UV_resistance_A",
    "lipid_protection",
    "clay_protection",
    "base_catalysis_factor"
  ],
  "enrichment": {
    "S1": [
      -0.012524688769265213,
      0.013685330358692703,
      0.0020585255524599067,
      0.0036281706597899566,
      0.3177906503491169,
      -0.007273933420823234,
      0.04291766876524984,
      0.01253960675634972,
      -0.008732329218999744,
      0.006681113531025109,
      -0.01238184285588983,
      0.013259017309874308,
      -0.009693261370021791,
      -0.006505972554311618,
      0.4725449149452593
    ],
    "ST": [
      0.10109422254491314,
      0.10562198769294999,
      0.10226859596177833,
      0.09672008245728032,
      0.4682550565635547,
      0.10628843460094924,
      0.15770408685383078,
      0.1259977017668608,
      0.09522834055990013,
      0.10265645562518488,
      0.10292599521793269,
      0.10352014508090512,
      0.1009768022460149,
      0.10743282454649236,
      0.6320373209774331
    ]
  },
  "thymine_fraction": {
    "S1": [
      -0.012524688769265224,
      0.013685330358692613,
      0.0020585255524598186,
      0.003628170659789811,
      0.31779065034911685,
      -0.007273933420823345,
      0.0429176687652499,
      0.012539606756349669,
      -0.00873232921899982,
      0.006681113531025159,
      -0.012381842855889632,
      0.0132590173098741,
      -0.00969326137002189,
      -0.006505972554311699,
      0.47254491494525913
    ],
    "ST": [
      0.10109422254491313,
      0.10562198769294998,
      0.10226859596177834,
      0.09672008245728031,
      0.46825505656355465,
      0.10628843460094922,
      0.15770408685383075,
      0.12599770176686081,
      0.09522834055990011,
      0.10265645562518487,
      0.10292599521793268,
      0.10352014508090511,
      0.10097680224601488,
      0.1074328245464923,
      0.6320373209774333
    ]
  },
  "dna_yield": {
    "S1": [
      -0.010954133446151598,
      0.01412129176746567,
      0.0030455612941790093,
      0.004123480299582601,
      0.3065959204305139,
      -0.009227014482781234,
      0.04187692069311743,
      0.012654896103527099,
      -0.008931350973321005,
      0.0071605317491925625,
      -0.0130673743459232,
      0.013824422601534768,
      -0.008164421814823231,
      -0.005836273303861143,
      0.49713923006761235
    ],
    "ST": [
      0.09891926687605923,
      0.10344983730910053,
      0.099994571223289,
      0.09438183214309481,
      0.44822942786327613,
      0.10251461077210419,
      0.15272074086885823,
      0.12308681339225949,
      0.09289597702187478,
      0.10044182482618454,
      0.10109234568558445,
      0.10083343259383389,
      0.09936270813196287,
      0.10531879975976306,
      0.6464111240041558
    ]
  }
}