{
  "timestamp": "20260714_113848",
  "temperature_C": 68.0,
  "pH": 7.5,
  "polymer_length": 100,
  "n_samples": 500,
  "n_runs": 16000,
  "n_workers": 3,
  "elapsed_time": 3861.341457605362,
  "runs_per_second": 4.143637690597431,
  "valid_runs": 16000,
  "parameter_names": [
    "Ea_U",
    "Ea_T",
    "Ea_C_deam",
    "Ea_A",
    "A_U",
    "A_T",
    "A_C",
    "A_A",
    "deamination_ratio",
    "UV_resistance_T",
    "UV_resistance_C",
    "UV_resistance_A",
    "lipid_protection",
    "clay_protection",
    "base_catalysis_factor"
  ],
  "parameter_bounds": [
    [
      24.0,
      30.0
    ],
    [
      29.0,
      35.0
    ],
    [
      20.0,
      26.0
    ],
    [
      26.0,
      32.0
    ],
    [
      1e-06,
      0.001
    ],
    [
      1e-08,
      1e-05
    ],
    [
      1e-05,
      0.001
    ],
    [
      1e-07,
      0.0001
    ],
    [
      10.0,
      60.0
    ],
    [
      0.1,
      0.5
    ],
    [
      1.0,
      2.0
    ],
    [
      0.4,
      1.0
    ],
    [
      2.0,
      8.0
    ],
    [
      5.0,
      15.0
    ],
    [
      1.0,
      3.0
    ]
  ],
  "enrichment": {
    "S1": [
      0.10560622041433948,
      0.07750810774925268,
      0.10310025904854284,
      0.05413049916142522,
      0.38385494873851594,
      0.09238426866551333,
      0.08313666077262814,
      0.06901481658323197,
      0.11411322108996713,
      0.061684549644782496,
      0.08157933479612649,
      0.013151425566143545,
      0.09720066609005944,
      0.08589533487676534,
      0.1933937893937042
    ],
    "S1_conf": [
      0.09666059942280825,
      0.09962283984055002,
      0.09575061441221679,
      0.10470672787071816,
      0.12370086177040314,
      0.08502416551941397,
      0.10045887456720996,
      0.111459454793904,
      0.09898932183924798,
      0.08723608251574713,
      0.08473344979918439,
      0.10554591704904139,
      0.09350301124585993,
      0.09223802858586193,
      0.10795189043438748
    ],
    "ST": [
      0.47820167892012216,
      0.5164704245747622,
      0.486348251985255,
      0.4631452579528026,
      0.7755953262917615,
      0.4703378375063249,
      0.5325966527059299,
      0.5162427473483455,
      0.4932530464972446,
      0.45906632990706847,
      0.46003127821583856,
      0.5021360024743029,
      0.43859609798293203,
      0.4622348193424965,
      0.6894275845416443
    ],
    "ST_conf": [
      0.06752426017197827,
      0.06891151258130852,
      0.07721751140233127,
      0.062428841086609524,
      0.10575960637212825,
      0.062142509445562946,
      0.06426156343077404,
      0.06933239974849693,
      0.06180586254540575,
      0.06941534905595925,
      0.05309802988057423,
      0.07051879518661555,
      0.05512212526248874,
      0.0625562722808023,
      0.0910248284959852
    ]
  },
  "thymine_fraction": {
    "S1": [
      0.10560622041433955,
      0.07750810774925271,
      0.1031002590485426,
      0.0541304991614252,
      0.38385494873851594,
      0.09238426866551387,
      0.08313666077262814,
      0.06901481658323269,
      0.11411322108996724,
      0.06168454964478268,
      0.08157933479612615,
      0.013151425566143035,
      0.09720066609005983,
      0.0858953348767654,
      0.19339378939370394
    ],
    "S1_conf": [
      0.09064790357751595,
      0.09487917688506173,
      0.08975037093576789,
      0.10022623086797768,
      0.1197670278752498,
      0.08323832588477519,
      0.09828370006781435,
      0.1031391366039719,
      0.08209329187690047,
      0.08175452225000283,
      0.08392769322026344,
      0.09261783935722749,
      0.08022964621790589,
      0.08470432483390379,
      0.09456591457214909
    ],
    "ST": [
      0.4782016789201226,
      0.5164704245747629,
      0.48634825198525555,
      0.4631452579528024,
      0.7755953262917621,
      0.47033783750632485,
      0.5325966527059304,
      0.516242747348346,
      0.49325304649724544,
      0.45906632990706847,
      0.4600312782158392,
      0.5021360024743028,
      0.43859609798293225,
      0.4622348193424963,
      0.6894275845416442
    ],
    "ST_conf": [
      0.06606028920889141,
      0.07019915665876812,
      0.06729361578485783,
      0.06427078105048266,
      0.09431137119134379,
      0.06724594928180018,
      0.07217788701681231,
      0.07303798875299108,
      0.06841550733833007,
      0.07070119239385783,
      0.05757514570444587,
      0.06114965675474647,
      0.05909004566557596,
      0.06637106860249821,
      0.09368985427349139
    ]
  },
  "dna_yield": {
    "S1": [
      0.10518896046352834,
      0.0771439528889419,
      0.09935133180910453,
      0.055876740601270625,
      0.38453439215495655,
      0.09225166521927027,
      0.08599424902997155,
      0.06890375413809373,
      0.11385591112859897,
      0.06369556719221428,
      0.07969117809335931,
      0.013942066810596763,
      0.09756382240759102,
      0.08414316291675913,
      0.1996261497149225
    ],
    "S1_conf": [
      0.09848618932820596,
      0.09809631913627362,
      0.08916477045544667,
      0.0859255603227952,
      0.10942143651906724,
      0.0795785256199184,
      0.09409599936845021,
      0.08600516658691382,
      0.09451468024238396,
      0.08481024952168394,
      0.07928230750239179,
      0.09348821808419513,
      0.08502246748591478,
      0.08828609575158078,
      0.09616920221316433
    ],
    "ST": [
      0.47733081900795615,
      0.5161528631887722,
      0.48614292866302156,
      0.46272987971523505,
      0.7730453210263384,
      0.4700774251707562,
      0.5318323829580358,
      0.514564431951128,
      0.49146429712337875,
      0.4593997131241778,
      0.45787255074382016,
      0.49885756746902493,
      0.43597479144568513,
      0.45968979839216584,
      0.6949088646675349
    ],
    "ST_conf": [
      0.053928316150873026,
      0.06733082799766692,
      0.07457165666021377,
      0.06400988243647159,
      0.10060348934420014,
      0.05982405751483494,
      0.05775946861197176,
      0.06303127950217262,
      0.056900047798965195,
      0.06523557130731839,
      0.05669013664633512,
      0.06986364967934636,
      0.05384785820293979,
      0.06063438965492466,
      0.09540019422502381
    ]
  }
}