{
  "timestamp": "20260715_083806",
  "temperature_C": 68.0,
  "pH": 7.5,
  "polymer_length": 100,
  "n_samples": 2000,
  "n_runs": 64000,
  "n_workers": 4,
  "elapsed_time": 11956.254016399384,
  "runs_per_second": 5.352847130231309,
  "valid_runs": 64000,
  "parameter_names": [
    "Ea_U",
    "Ea_T",
    "Ea_C_deam",
    "Ea_A",
    "A_U",
    "A_T",
    "A_C",
    "A_A",
    "deamination_ratio",
    "UV_resistance_T",
    "UV_resistance_C",
    "UV_resistance_A",
    "lipid_protection",
    "clay_protection",
    "base_catalysis_factor"
  ],
  "parameter_bounds": [
    [
      24.0,
      30.0
    ],
    [
      29.0,
      35.0
    ],
    [
      20.0,
      26.0
    ],
    [
      26.0,
      32.0
    ],
    [
      1e-06,
      0.001
    ],
    [
      1e-08,
      1e-05
    ],
    [
      1e-05,
      0.001
    ],
    [
      1e-07,
      0.0001
    ],
    [
      10.0,
      60.0
    ],
    [
      0.1,
      0.5
    ],
    [
      1.0,
      2.0
    ],
    [
      0.4,
      1.0
    ],
    [
      2.0,
      8.0
    ],
    [
      5.0,
      15.0
    ],
    [
      1.0,
      3.0
    ]
  ],
  "enrichment": {
    "S1": [
      -0.03456304583017264,
      0.027445025326324705,
      -0.007796745009458122,
      0.03920223625754167,
      0.31605940658109954,
      0.002799247979299842,
      0.06107390006237984,
      0.019821648129261193,
      -0.009667043428716132,
      0.021673419002533133,
      -0.02101848186501139,
      0.01416009261347413,
      -0.020246218172786015,
      -0.02071305072295893,
      0.1768424224269185
    ],
    "S1_conf": [
      0.04073083901531269,
      0.03848695990206765,
      0.042197599171961135,
      0.039433410335263375,
      0.05442176325410545,
      0.04473405869904572,
      0.04988859293898609,
      0.04608213566106887,
      0.04497049711783237,
      0.04415531767167677,
      0.04494695038285948,
      0.04304919330142267,
      0.04124735708169329,
      0.037815846727495946,
      0.046019141305551244
    ],
    "ST": [
      0.4872863159362917,
      0.49594230171645565,
      0.5057451255170282,
      0.4966951192413536,
      0.8009991563124783,
      0.49806030723294153,
      0.5678586266017442,
      0.5029741800835906,
      0.48815287612800445,
      0.4985629044960124,
      0.49432186233626235,
      0.49984775847168605,
      0.49594967720655675,
      0.4664072971967677,
      0.6843808230286135
    ],
    "ST_conf": [
      0.03392202868642945,
      0.03519034553391881,
      0.035440317345488026,
      0.0328466757030031,
      0.04973281865129211,
      0.03619383902044045,
      0.04511538773244327,
      0.03718925874670749,
      0.0361602128539546,
      0.036433840808559895,
      0.03374750097346564,
      0.03665183787080796,
      0.03744789999752779,
      0.03224006041649607,
      0.049528599238248476
    ]
  },
  "thymine_fraction": {
    "S1": [
      -0.03456304583017244,
      0.027445025326324462,
      -0.007796745009458682,
      0.03920223625754125,
      0.3160594065810994,
      0.002799247979299644,
      0.061073900062379456,
      0.019821648129260742,
      -0.009667043428716446,
      0.02167341900253292,
      -0.02101848186501136,
      0.014160092613473878,
      -0.020246218172786067,
      -0.020713050722959106,
      0.17684242242691825
    ],
    "S1_conf": [
      0.039214474390862376,
      0.043142047759170896,
      0.04630836967890643,
      0.04704532275021642,
      0.0568613098321804,
      0.0448552850103421,
      0.04547551646165788,
      0.03925695817539149,
      0.039964996776662494,
      0.043694645637378425,
      0.04049024688807439,
      0.04116799562432443,
      0.03911649585268889,
      0.04314899991583709,
      0.04685541810886937
    ],
    "ST": [
      0.48728631593629174,
      0.4959423017164556,
      0.5057451255170283,
      0.49669511924135357,
      0.8009991563124783,
      0.49806030723294165,
      0.5678586266017442,
      0.5029741800835905,
      0.48815287612800423,
      0.49856290449601276,
      0.4943218623362623,
      0.49984775847168594,
      0.495949677206557,
      0.4664072971967679,
      0.6843808230286135
    ],
    "ST_conf": [
      0.032379840331790824,
      0.035595488416623286,
      0.0329366275317442,
      0.0336225975525972,
      0.05371187122797737,
      0.03349756515656612,
      0.034753305260727375,
      0.03173120747458223,
      0.03453036369803807,
      0.03570904505680527,
      0.031327019148646884,
      0.034360162477182134,
      0.033406707775851335,
      0.036327316992610374,
      0.04404651776146226
    ]
  },
  "dna_yield": {
    "S1": [
      -0.03219007725975753,
      0.02784659072401782,
      -0.006537055582191269,
      0.03924016730453984,
      0.31420744456271776,
      0.0018966473949454353,
      0.06061406682762043,
      0.020030115071111316,
      -0.009171650472559236,
      0.021868109339273398,
      -0.020659552822973735,
      0.015928090805862424,
      -0.018480038174356964,
      -0.020970631113741266,
      0.1827554044684721
    ],
    "S1_conf": [
      0.03765886321151251,
      0.0407023068749711,
      0.039096933648016544,
      0.03803447438359538,
      0.0561549382702565,
      0.0385435242340181,
      0.042822075344157974,
      0.04359697029013448,
      0.036191754282286645,
      0.040443878060560004,
      0.03565971882183157,
      0.040242990866187,
      0.03990274416972797,
      0.0407472332807451,
      0.05157557396406976
    ],
    "ST": [
      0.48427995741602803,
      0.49329990489060016,
      0.5039314197674409,
      0.4932804607311156,
      0.7966002967610429,
      0.49500855001062743,
      0.5644068524897742,
      0.5004161762109998,
      0.4855610425896339,
      0.49519477858817096,
      0.4914271730767795,
      0.49709661916477216,
      0.4954548056998286,
      0.4639081158595816,
      0.6867120562273729
    ],
    "ST_conf": [
      0.030048060297590093,
      0.034060106346885555,
      0.03411575118970553,
      0.031003051812584743,
      0.052062257962111266,
      0.03556963367349032,
      0.036442772541889816,
      0.03517645406738501,
      0.03253030120106582,
      0.03546652911415191,
      0.03170791437936861,
      0.032315283525120045,
      0.03915701867595796,
      0.03350313183244709,
      0.05210913660527288
    ]
  }
}